,name,category_code,tag_list,total_money_raised,offices,zip_code,city,country_code,latitude,longitude
0,Sparter,games_video,"gaming, game, wow, worldofwarcraft, virtualgoods",,"[{'zip_code': None, 'city': None, 'country_code': 'USA', 'latitude': 37.09024, 'longitude': -95.712891}]",,,USA,37.09024,-95.712891
1,Devunity,web,"techcrunch50, tc50",100000.0,[],,,,,
2,TechJuicer,,,,[],,,,,
3,Lockergnome,,"tech-news, it-news, blog",,[],,,,,
4,Apperceptive,web,design,,[],,,,,
5,Monte Cristo,games_video,"gaming, mmo",7000000.0,[],,,,,
6,BLUE1647,other,,,[],,,,,
7,JiggyMe,games_video,technology-videos,,[],,,,,
8,GamerVixens,games_video,"female, gamer, video-games, women, social-network",,[],,,,,
9,BuyPlayWin,web,"techstars, techstars-boulder-2008",,[],,,,,
10,Imindi,advertising,"techcrunch50, tc50, collective-intelligence, intelligence-augmentation, semantic-web, thinking, mind, web-3-0",500000.0,[],,,,,
11,exchangeP,web,"techcrunch50, tc50, wisdom-of-the-crowds, fantasy, stock-market",,[],,,,,
12,MIXTT,web,"techcrunch50, tc50, social-networking, social-network, dating, group-dating, online-dating, professional-networking, web-2-0, fun, free",,[],,,,,
13,Myriad Tech,software,"technology-firm, adobe-air, flash, ruby-on-rails, flex-3, social-media",,[],,,,,
14,TechTV,,,,[],,,,,
15,Rinen,web,"techcrunch50, tc50",,[],,,,,
16,BuyPlayWin,web,"techstars, techstars-boulder-2008",,[],,,,,
17,Imindi,advertising,"techcrunch50, tc50, collective-intelligence, intelligence-augmentation, semantic-web, thinking, mind, web-3-0",500000.0,[],,,,,
18,exchangeP,web,"techcrunch50, tc50, wisdom-of-the-crowds, fantasy, stock-market",,[],,,,,
19,MIXTT,web,"techcrunch50, tc50, social-networking, social-network, dating, group-dating, online-dating, professional-networking, web-2-0, fun, free",,[],,,,,
20,Myriad Tech,software,"technology-firm, adobe-air, flash, ruby-on-rails, flex-3, social-media",,[],,,,,
21,TechTV,,,,[],,,,,
22,Rinen,web,"techcrunch50, tc50",,[],,,,,
23,TechTalk Media,,,,[],,,,,
24,Technologies HumanID,,,,[],,,,,
25,Technofeed,web,techno-trends-web-daily-feed,,[],,,,,
26,Mediashake,software,web-analytics,,[],,,,,
27,Magna Techa,web,"tech, technology, news, reviews, computers",,[],,,,,
28,My Tech Question,web,tech-support,,[],,,,,
29,Technology Association of Georgia Healthcare Society,,,,[],,,,,
30,TechFuga,web,,,[],,,,,
31,GamerNode,,,,[],,,,,
32,TechEcho,,,,[],,,,,
33,Mappdev,games_video,"gaming, facebook, social-games, social-networking, games, online-games",,[],,,,,
34,TechnoFinger,other,"technology, blog, news, kennethwatt-com",,[],,,,,
35,Technology Imaging Services,,,,[],,,,,
36,Technopolis Ventures Ltd,,,,[],,,,,
37,Web Momentum,public_relations,"web-development, open-source-development, cms-development, e-commerce-development, asp-net-development",,[],,,,,
38,BuzzNova Media,public_relations,"future, technology",,[],,,,,
39,AutomatedGamer,games_video,"gaming, video-games, game-news, semantic-web",,[],,,,,
40,TechSipders,software,website-design,,[],,,,,
41,DeGeeked,other,"tech-support, consumer-electronics, tech-advice, help",,[],,,,,
42,Web Sarga Solutions,ecommerce,"web-development-company, web-hosting, web-design, seo-services",,[],,,,,
43,Offside Creative,software,"web-design, web-development",,[],,,,,
44,Drive Method,public_relations,,,[],,,,,
45,TechNest Report,web,"tech, blog, podcast, vidcast, news, reviews, analysis, discussion",,[],,,,,
46,eNonProfits,consulting,"nonprofit, non-profit, host, design, email, marketing",,[],,,,,
47,GRAZEit,web,"techonomy, israel, bookmarking, traffic",,[],,,,,
48,Nobis Interactive,other,"website-design, seo, sem, online-marketing",,[],,,,,
49,SqueeNet,games_video,"technology, blog, squeem, squalk, technology-mobile, personals, networking, entertainment, internet-tv, tv, internet",,[],,,,,
50,Techvensys,network_hosting,"unlimited-web-hosting, unlimited-web-space, unlimited-bandwidth, cheap-web-hosting, cheapest-reseller-hosting, master-reseller-hosting, best-web-hosting, unlimited-reseller-hosting, affordable-reseller-hosting, web-designing, cheap-affordable-hosting, sha",,[],,,,,
51,Technology PR,public_relations,,,[],,,,,
52,Techcase,,,,[],,,,,
53,Technion,,,,[],,,,,
54,Business Case Pro,,business-case-consulting,,[],,,,,
55,Rockadoo,consulting,"technology, computers, computer, it, consulting, iphone, ruby-on-rails, php, web-app, web-2-0",,[],,,,,
56,Jowki,web,"15-year-old-tech-blogger, tech-blogger, web-tools, apps, games, twitter, internet, free, reviews",,[],,,,,
57,Events Computer Design,web,"website, e-commerce, walkthrough, cd-presentation",,[],,,,,
58,FragBrag,games_video,"gaming, gamers, frags, videos, tournaments, first-person, multi-player, entertainment, video-game, social, network, community, share, youth, global",,[],,,,,
59,Gambolio,web,"gaming, casual-gaming, games, flash, ria, ajax, game",,[],,,,,
60,WeGame,web,,3500000.0,"[{'zip_code': '', 'city': '', 'country_code': 'USA', 'latitude': 37.09024, 'longitude': -95.712891}]",,,USA,37.09024,-95.712891
61,ZapNat,web,"tech, news, buzz, talk, comments, gadgets, business",,"[{'zip_code': '', 'city': '', 'country_code': 'USA', 'latitude': 42.037302, 'longitude': -71.683502}]",,,USA,42.037302,-71.683502
62,Blubert,games_video,"technology-news, startup-reviews, news, clustered, clustering",,"[{'zip_code': '', 'city': '', 'country_code': 'BRB', 'latitude': None, 'longitude': None}]",,,BRB,,
63,QRIU,public_relations,"web-development, webdesign, intranet, backoffice, web-solutions",,"[{'zip_code': '', 'city': '', 'country_code': 'PRT', 'latitude': None, 'longitude': None}]",,,PRT,,
64,iThryv,web,"techcrunch50, tc50, financial, banking, kids, kids-online-banking, oklahoma",,"[{'zip_code': '', 'city': '', 'country_code': 'USA', 'latitude': 35.428318, 'longitude': -97.4913054}]",,,USA,35.428318,-97.4913054
65,iThryv,web,"techcrunch50, tc50, financial, banking, kids, kids-online-banking, oklahoma",,"[{'zip_code': '', 'city': '', 'country_code': 'USA', 'latitude': 35.428318, 'longitude': -97.4913054}]",,,USA,35.428318,-97.4913054
66,TechPluto,web,"startup-review, web-2-0, technology-news",,"[{'zip_code': '', 'city': '', 'country_code': 'IND', 'latitude': None, 'longitude': None}]",,,IND,,
67,Technology In Ministry,consulting,"technology-ministry, outreach, non-profit, technology-consulting",,"[{'zip_code': '', 'city': '', 'country_code': 'USA', 'latitude': None, 'longitude': None}]",,,USA,,
68,Eton Digital,web,"social-network-development, social-media, social-network, social-networking, drupal, symfony, website-design, content-management, web-2-0, web-accessibility",,"[{'zip_code': '', 'city': '', 'country_code': 'GBR', 'latitude': None, 'longitude': None}]",,,GBR,,
69,Techpool Bio-Pharma,biotech,,20500000.0,"[{'zip_code': '510520', 'city': '', 'country_code': 'CHN', 'latitude': None, 'longitude': None}]",510520,,CHN,,
70,Homesaver,software,,,"[{'zip_code': '', 'city': '', 'country_code': 'USA', 'latitude': None, 'longitude': None}]",,,USA,,
71,Your Design Online,web,"web-design, web-development, website-design, website-development, internet-marketing, email-marketing, social-media, web-design-atlanta, website-design-atlanta, web-site-development, search-engine-optimization, seo, search-engine-marketing, atlanta-web-de",,"[{'zip_code': '30338', 'city': 'ATLANTA', 'country_code': 'USA', 'latitude': 33.9349004, 'longitude': -84.3378955}]",30338,ATLANTA,USA,33.9349004,-84.3378955
72,Techonweb,other,"buy-computers, printers, digital-cameras, monitors, flatscreen-televisions-networking-devices",,"[{'zip_code': '75001', 'city': 'Addison', 'country_code': 'USA', 'latitude': 32.9812471, 'longitude': -96.8303112}]",75001,Addison,USA,32.9812471,-96.8303112
73,Techinline,software,"remote-support, remote-access, file-sharing, file-transfer, logmein, teamviewer, gotoassist, screen-sharing, it-support, browser-technology, vnc, remote-desktop",,"[{'zip_code': 'RG7 8NN', 'city': 'Aldermaston, Reading, Berkshire', 'country_code': 'GBR', 'latitude': None, 'longitude': None}]",RG7 8NN,"Aldermaston, Reading, Berkshire",GBR,,
74,Technically Simple,consulting,"tech, it, consulting, mac, apple, exchange, switch",,"[{'zip_code': '92656', 'city': 'Aliso Viejo', 'country_code': 'USA', 'latitude': 33.58273, 'longitude': -117.727468}]",92656,Aliso Viejo,USA,33.58273,-117.727468
75,inCode Wireless,consulting,,,"[{'zip_code': '30022', 'city': 'Alpharetta', 'country_code': 'USA', 'latitude': None, 'longitude': None}]",30022,Alpharetta,USA,,
76,The Next Web,news,,,"[{'zip_code': '1018XV', 'city': 'Amsterdam', 'country_code': 'NLD', 'latitude': None, 'longitude': None}]",1018XV,Amsterdam,NLD,,
77,The Next Web,news,,,"[{'zip_code': '1018XV', 'city': 'Amsterdam', 'country_code': 'NLD', 'latitude': None, 'longitude': None}]",1018XV,Amsterdam,NLD,,
78,Compel Interaction,consulting,,,"[{'zip_code': '48103', 'city': 'Ann Arbor', 'country_code': 'USA', 'latitude': 42.281569, 'longitude': -83.813914}, {'zip_code': '60605', 'city': 'Chicago', 'country_code': 'USA', 'latitude': 41.875026, 'longitude': -87.628933}, {'zip_code': '49684', 'city': 'Traverse City', 'country_code': 'USA', 'latitude': 44.7871116, 'longitude': -85.6378062}]",49684,Traverse City,USA,44.7871116,-85.6378062
79,QinetiQ,other,,,"[{'zip_code': '22202', 'city': 'Arlington', 'country_code': 'USA', 'latitude': None, 'longitude': None}]",22202,Arlington,USA,,
80,Technodyne,consulting,,,"[{'zip_code': '12135', 'city': 'Athens', 'country_code': 'GRC', 'latitude': 38.0248447, 'longitude': 23.6879859}]",12135,Athens,GRC,38.0248447,23.6879859
81,Manitoulin Holdings,other,"technology, property-development, portfolio, biotech, environment",,"[{'zip_code': 'PLZ 08209', 'city': 'Auerbach', 'country_code': 'DEU', 'latitude': None, 'longitude': None}, {'zip_code': '94023', 'city': 'Los Altos', 'country_code': 'USA', 'latitude': 37.3853, 'longitude': -122.1133}]",94023,Los Altos,USA,37.3853,-122.1133
82,OtherInbox,messaging,"techcrunch50, tc50, email, spam, webmail, shopping",3800000.0,"[{'zip_code': '78701', 'city': 'Austin', 'country_code': 'USA', 'latitude': 30.269004, 'longitude': -97.740395}]",78701,Austin,USA,30.269004,-97.740395
83,TRUECar,transportation,"techcrunch50, tc50, new-car-pricing, new-car, automotive, auto-retail, online-car-buying, car-buying, new-car-buying, truecar-certified-dealers",352000000.0,"[{'zip_code': '90401', 'city': 'Santa Monica', 'country_code': 'USA', 'latitude': 34.0152942, 'longitude': -118.4965479}, {'zip_code': '94111', 'city': 'San Francisco', 'country_code': 'USA', 'latitude': None, 'longitude': None}, {'zip_code': '90401', 'city': 'Santa Monica', 'country_code': 'USA', 'latitude': 34.012985, 'longitude': -118.49567}, {'zip_code': '78738', 'city': 'Austin', 'country_code': 'USA', 'latitude': 30.3096936, 'longitude': -97.9390133}, {'zip_code': '93105', 'city': 'Santa Barbara', 'country_code': 'USA', 'latitude': 34.4405218, 'longitude': -119.7445783}]",93105,Santa Barbara,USA,34.4405218,-119.7445783
84,TRUECar,transportation,"techcrunch50, tc50, new-car-pricing, new-car, automotive, auto-retail, online-car-buying, car-buying, new-car-buying, truecar-certified-dealers",352000000.0,"[{'zip_code': '90401', 'city': 'Santa Monica', 'country_code': 'USA', 'latitude': 34.0152942, 'longitude': -118.4965479}, {'zip_code': '94111', 'city': 'San Francisco', 'country_code': 'USA', 'latitude': None, 'longitude': None}, {'zip_code': '90401', 'city': 'Santa Monica', 'country_code': 'USA', 'latitude': 34.012985, 'longitude': -118.49567}, {'zip_code': '78738', 'city': 'Austin', 'country_code': 'USA', 'latitude': 30.3096936, 'longitude': -97.9390133}, {'zip_code': '93105', 'city': 'Santa Barbara', 'country_code': 'USA', 'latitude': 34.4405218, 'longitude': -119.7445783}]",93105,Santa Barbara,USA,34.4405218,-119.7445783
85,qcue,software,"technology, consulting, software, pricing, pricing-solutions, dynamic-pricing, sports, entertainment, concerts",1130000.0,"[{'zip_code': '78759', 'city': 'Austin', 'country_code': 'USA', 'latitude': 30.396989, 'longitude': -97.735768}]",78759,Austin,USA,30.396989,-97.735768
86,Blippitt,news,"tech-news, viral-videos, viral-news",,"[{'zip_code': '21284', 'city': 'Baltimore', 'country_code': 'USA', 'latitude': 39.4157, 'longitude': -76.6096}]",21284,Baltimore,USA,39.4157,-76.6096
87,RMW Web Publishing,web,"web-developer, web-design, html, css, javascript, jquery, flash, twitter-api, flickr-api",,"[{'zip_code': '2795', 'city': 'Bathurst', 'country_code': 'AUS', 'latitude': -33.41978, 'longitude': 149.574258}]",2795,Bathurst,AUS,-33.41978,149.574258
88,"Ben Jen Online, LLC",consulting,"computer-tech-support, tech-support, computer-help, remote-support, online-tech-support, virtual-tech-support",350000.0,"[{'zip_code': '07921-0221', 'city': 'Bedminster', 'country_code': 'USA', 'latitude': 40.6463644, 'longitude': -74.6985891}, {'zip_code': '02117', 'city': 'Boston', 'country_code': 'USA', 'latitude': None, 'longitude': None}]",02117,Boston,USA,,
89,CyberArts,software,poker-gaming-platform-backgammon-bingo-blackjack,16300000.0,"[{'zip_code': '94131', 'city': 'San Francisco', 'country_code': 'USA', 'latitude': 37.737609, 'longitude': -122.435399}, {'zip_code': '94707', 'city': 'Berkeley', 'country_code': 'USA', 'latitude': 37.8983665, 'longitude': -122.2795667}]",94707,Berkeley,USA,37.8983665,-122.2795667
90,TechValidate Software,software,,,"[{'zip_code': '94710', 'city': 'Berkeley', 'country_code': 'USA', 'latitude': None, 'longitude': None}]",94710,Berkeley,USA,,
91,Meteor Games,games_video,"gaming, online-entertainment, social-games, casual-games, online-community, game-studio, game-development-studio, social-network",,"[{'zip_code': '90210', 'city': 'Beverly Hills', 'country_code': 'USA', 'latitude': 34.09316, 'longitude': -118.378335}]",90210,Beverly Hills,USA,34.09316,-118.378335
92,HariOmTechnologies,software,web-development-company,,"[{'zip_code': '462021', 'city': 'Bhopal', 'country_code': 'IND', 'latitude': 23.2771102, 'longitude': 77.4589032}]",462021,Bhopal,IND,23.2771102,77.4589032
93,International Data Group,enterprise,"data, research, technology-research, technology-events",,"[{'zip_code': '02116', 'city': 'Boston', 'country_code': 'USA', 'latitude': None, 'longitude': None}]",02116,Boston,USA,,
94,Hangout Industries,games_video,"techcrunch50, tc50",12000000.0,"[{'zip_code': '02111', 'city': 'Boston', 'country_code': 'USA', 'latitude': 42.352835, 'longitude': -71.0609612}]",02111,Boston,USA,42.352835,-71.0609612
95,Hangout Industries,games_video,"techcrunch50, tc50",12000000.0,"[{'zip_code': '02111', 'city': 'Boston', 'country_code': 'USA', 'latitude': 42.352835, 'longitude': -71.0609612}]",02111,Boston,USA,42.352835,-71.0609612
96,Techstars,finance,"seed-fund, techstars, accelerator, techstars-nyc-winter-2011, techstars-boston-2011, techstars-boulder-2011, techstars-seattle-2011, techstars-nyc-summer-2011, techstars-cloud-2012, techstars-boston-2012, techstars-nyc-2012",34000000.0,"[{'zip_code': '', 'city': 'Boulder', 'country_code': 'USA', 'latitude': 40.010492, 'longitude': -105.276843}]",,Boulder,USA,40.010492,-105.276843
97,Lefthand Networks,enterprise,,25000000.0,"[{'zip_code': '', 'city': 'Boulder', 'country_code': 'USA', 'latitude': None, 'longitude': None}]",,Boulder,USA,,
98,A1-4 Electronics,hardware,"tech, office-paper-shredders--cash-registers, laser-printers, fax-machines, letter-folding-machines-",,"[{'zip_code': '11206', 'city': 'Brooklyn', 'country_code': 'USA', 'latitude': 40.6996318, 'longitude': -73.9514066}]",11206,Brooklyn,USA,40.6996318,-73.9514066
99,Popego,advertising,"techcrunch50, tc50, web-service, interests, semantic, aggregator, artificial-intelligence, ai, design, interfaces",,"[{'zip_code': '1414BHH', 'city': 'Buenos Aires', 'country_code': 'ARG', 'latitude': None, 'longitude': None}, {'zip_code': '94102', 'city': 'San Francisco', 'country_code': 'USA', 'latitude': 37.778687, 'longitude': -122.421242}]",94102,San Francisco,USA,37.778687,-122.421242
100,Tweegee,games_video,"techcrunch50, tc50, kids, tweens, safty, games, avatar, virtual-world, fun, entertainment, cartoons, movies, social-network, social-activities",3000000.0,"[{'zip_code': '', 'city': 'Ramat Gan', 'country_code': 'ISR', 'latitude': 32.037363, 'longitude': 34.8003705}, {'zip_code': '', 'city': 'Istanbul', 'country_code': 'TUR', 'latitude': None, 'longitude': None}, {'zip_code': '', 'city': 'Moscow', 'country_code': 'RUS', 'latitude': None, 'longitude': None}, {'zip_code': '', 'city': 'Buenos Aires', 'country_code': 'ARG', 'latitude': None, 'longitude': None}]",,Buenos Aires,ARG,,
101,Popego,advertising,"techcrunch50, tc50, web-service, interests, semantic, aggregator, artificial-intelligence, ai, design, interfaces",,"[{'zip_code': '1414BHH', 'city': 'Buenos Aires', 'country_code': 'ARG', 'latitude': None, 'longitude': None}, {'zip_code': '94102', 'city': 'San Francisco', 'country_code': 'USA', 'latitude': 37.778687, 'longitude': -122.421242}]",94102,San Francisco,USA,37.778687,-122.421242
102,Tweegee,games_video,"techcrunch50, tc50, kids, tweens, safty, games, avatar, virtual-world, fun, entertainment, cartoons, movies, social-network, social-activities",3000000.0,"[{'zip_code': '', 'city': 'Ramat Gan', 'country_code': 'ISR', 'latitude': 32.037363, 'longitude': 34.8003705}, {'zip_code': '', 'city': 'Istanbul', 'country_code': 'TUR', 'latitude': None, 'longitude': None}, {'zip_code': '', 'city': 'Moscow', 'country_code': 'RUS', 'latitude': None, 'longitude': None}, {'zip_code': '', 'city': 'Buenos Aires', 'country_code': 'ARG', 'latitude': None, 'longitude': None}]",,Buenos Aires,ARG,,
103,Brightkite,social,"techstars, techstars-boulder-2007, social-network, location, gps, iphone, mobile, android, maps, local, placestreaming, location-based, chat",1420000.0,"[{'zip_code': '94010', 'city': 'Burlingame', 'country_code': 'USA', 'latitude': 39.762314, 'longitude': -104.982256}]",94010,Burlingame,USA,39.762314,-104.982256
104,GamerDNA,web,"guildcafe, socialnetworks, mmorpg",3000000.0,"[{'zip_code': '', 'city': 'Cambridge', 'country_code': 'USA', 'latitude': 42.375392, 'longitude': -71.118487}]",,Cambridge,USA,42.375392,-71.118487
105,Emerginvest,web,"techcrunch50, tc50, finance, online-media, emerging-markets, stocks, portfolio-tools, investments",,"[{'zip_code': '02138', 'city': 'Cambridge', 'country_code': 'USA', 'latitude': 42.374396, 'longitude': -71.113686}]",02138,Cambridge,USA,42.374396,-71.113686
106,Emerginvest,web,"techcrunch50, tc50, finance, online-media, emerging-markets, stocks, portfolio-tools, investments",,"[{'zip_code': '02138', 'city': 'Cambridge', 'country_code': 'USA', 'latitude': 42.374396, 'longitude': -71.113686}]",02138,Cambridge,USA,42.374396,-71.113686
107,Holdsworth Associates,public_relations,"pr, public-relations, communications, marketing, technology-pr",,"[{'zip_code': 'CB24 4QG', 'city': 'Cambridge', 'country_code': 'GBR', 'latitude': 52.20597, 'longitude': 0.119827}]",CB24 4QG,Cambridge,GBR,52.20597,0.119827
108,TechAspect Solutions,consulting,"wcm-consulting, web-content-management, autonomy-teamsite, sitecore, day-cq5, drupal-ecm, enterprise-content-management, content-management",,"[{'zip_code': '94538', 'city': 'Fremont', 'country_code': 'USA', 'latitude': 37.4797894, 'longitude': -121.9452534}, {'zip_code': '', 'city': 'Canton', 'country_code': 'USA', 'latitude': None, 'longitude': None}, {'zip_code': '', 'city': 'RH10 1TN', 'country_code': 'GBR', 'latitude': None, 'longitude': None}, {'zip_code': '500 081', 'city': 'Hyderabad', 'country_code': 'IND', 'latitude': None, 'longitude': None}]",500 081,Hyderabad,IND,,
109,Box UK,software,"content-management-systems, software-development, web-content-solutions, website-development, user-experience, bespoke-development, analytics, design, information-architecture, seo, social-media-marketing, ppc, web, web-development, search, consulting, si",,"[{'zip_code': 'W1B 4BD', 'city': 'London', 'country_code': 'GBR', 'latitude': 51.5107737, 'longitude': -0.1392447}, {'zip_code': 'CF10 1DD', 'city': 'Cardiff', 'country_code': 'GBR', 'latitude': None, 'longitude': None}]",CF10 1DD,Cardiff,GBR,,
110,Agriya,software,"agriya, history-of-agriya, clone-script-developer, web-development, web-design-services, agriya-software, clone-scripts-php, web-development-company",,"[{'zip_code': '600034', 'city': 'Chennai', 'country_code': 'IND', 'latitude': None, 'longitude': None}]",600034,Chennai,IND,,
111,Ars Technica,web,"news, technology, pc",,"[{'zip_code': '', 'city': 'Chicago', 'country_code': 'USA', 'latitude': 41.879535, 'longitude': -87.624333}]",,Chicago,USA,41.879535,-87.624333
112,TechnologyGuide,web,,,"[{'zip_code': '45230', 'city': 'Cincinnati', 'country_code': 'USA', 'latitude': 39.06685, 'longitude': -84.351532}]",45230,Cincinnati,USA,39.06685,-84.351532
113,TechColumbus,enterprise,,,"[{'zip_code': '43212', 'city': 'Columbus', 'country_code': 'USA', 'latitude': None, 'longitude': None}]",43212,Columbus,USA,,
114,Prevail Resources,consulting,"field-services, break-fix-services, technical-fix, computer-repair, desktop-support, it-staffing, it-consulting, dell-repair, ibm-repair, sony-repair, lexmark-repair, pc-repair, laptop-repair, notebook-repair, printer-repair",,"[{'zip_code': '75287', 'city': 'Dallas', 'country_code': 'USA', 'latitude': 32.999125, 'longitude': -96.828329}]",75287,Dallas,USA,32.999125,-96.828329
115,Connective Logic,software,"techcrunch50, tc50, multicore, software-development-tools, multithreading",,"[{'zip_code': 'DT1 3WB', 'city': 'Dorchester', 'country_code': 'GBR', 'latitude': None, 'longitude': None}]",DT1 3WB,Dorchester,GBR,,
116,Connective Logic,software,"techcrunch50, tc50, multicore, software-development-tools, multithreading",,"[{'zip_code': 'DT1 3WB', 'city': 'Dorchester', 'country_code': 'GBR', 'latitude': None, 'longitude': None}]",DT1 3WB,Dorchester,GBR,,
117,Gamervision,games_video,,10000000.0,"[{'zip_code': '18902', 'city': 'Doylestown', 'country_code': 'USA', 'latitude': 40.3321202, 'longitude': -75.1184485}]",18902,Doylestown,USA,40.3321202,-75.1184485
118,Dropbox,software,"techcrunch50, tc50, file-storage",257000000.0,"[{'zip_code': '94107', 'city': 'San Francisco', 'country_code': 'USA', 'latitude': 37.7909427, 'longitude': -122.4084994}, {'zip_code': '', 'city': 'Dublin', 'country_code': 'IRL', 'latitude': None, 'longitude': None}]",,Dublin,IRL,,
119,Nedforce,software,"ruby-on-rails, rails, development, hosting, ruby, jruby, developers, enterprise, content-management-system, cms, web-content-management",,"[{'zip_code': '7521BE', 'city': 'Enschede', 'country_code': 'NLD', 'latitude': 52.2227273, 'longitude': 6.8719412}]",7521BE,Enschede,NLD,52.2227273,6.8719412
120,Nedforce,software,"ruby-on-rails, rails, development, hosting, ruby, jruby, developers, enterprise, content-management-system, cms, web-content-management",,"[{'zip_code': '7521BE', 'city': 'Enschede', 'country_code': 'NLD', 'latitude': 52.2227273, 'longitude': 6.8719412}]",7521BE,Enschede,NLD,52.2227273,6.8719412
121,ExecutiveBrief,public_relations,"it, technology-management, software-project-management, process-improvement, cmmi, leadership, software-development, outsourcing",,"[{'zip_code': '', 'city': 'Fort Myers', 'country_code': 'USA', 'latitude': 26.62314, 'longitude': -81.839789}]",,Fort Myers,USA,26.62314,-81.839789
122,LiveHit,search,"techcrunch50, tc50, social-discovery, realtime-data-analytics, social-search, search, discovery, millennial, youth",,"[{'zip_code': '94404', 'city': 'Foster City', 'country_code': 'USA', 'latitude': 37.445381, 'longitude': -122.160753}]",94404,Foster City,USA,37.445381,-122.160753
123,Burt,advertising,"techcrunch50, tc50, advertising, reactive-advertising, creativity, copybox, semantic, agency, rich, demo",3500000.0,"[{'zip_code': '41125', 'city': 'Gothenburg', 'country_code': 'SWE', 'latitude': 59.337864, 'longitude': 18.036587}]",41125,Gothenburg,SWE,59.337864,18.036587
124,Burt,advertising,"techcrunch50, tc50, advertising, reactive-advertising, creativity, copybox, semantic, agency, rich, demo",3500000.0,"[{'zip_code': '41125', 'city': 'Gothenburg', 'country_code': 'SWE', 'latitude': 59.337864, 'longitude': 18.036587}]",41125,Gothenburg,SWE,59.337864,18.036587
125,Iteego,consulting,"tech-recruiter, technical-recruiter, los-angeles, southern-california",,"[{'zip_code': '', 'city': 'Los Angeles', 'country_code': 'USA', 'latitude': 34.052187, 'longitude': -118.243425}, {'zip_code': '', 'city': 'Gothenburg', 'country_code': 'SWE', 'latitude': None, 'longitude': None}]",,Gothenburg,SWE,,
126,CTRL,other,"gaming, internet, video, web, tv",,"[{'zip_code': '1217 GP', 'city': 'Hilversum', 'country_code': 'NLD', 'latitude': None, 'longitude': None}]",1217 GP,Hilversum,NLD,,
127,Technicolor,games_video,,,"[{'zip_code': '90028', 'city': 'Hollywood', 'country_code': 'USA', 'latitude': None, 'longitude': None}]",90028,Hollywood,USA,,
128,Digital Meld,web,"blog, tech, consumer-electronics, gadgets, gizmos, technology",,"[{'zip_code': '77036', 'city': 'Houston', 'country_code': 'USA', 'latitude': 29.714229, 'longitude': -95.527479}]",77036,Houston,USA,29.714229,-95.527479
129,Tech Profuse,ecommerce,"travel, www-vihari-in, e-commerce, air-tickets, google-apps-reseller, www-wesetup-net",,"[{'zip_code': '55117', 'city': 'Little Canada', 'country_code': 'USA', 'latitude': 45.0062594, 'longitude': -93.0914376}, {'zip_code': '500016', 'city': 'Hyderabad', 'country_code': 'IND', 'latitude': None, 'longitude': None}, {'zip_code': 'IG1 4LZ', 'city': 'Ilford Essex', 'country_code': 'GBR', 'latitude': None, 'longitude': None}]",IG1 4LZ,Ilford Essex,GBR,,
130,Bilende Technologies,software,"usability, software, web2-0, b2b, b2c, portal, rnd, lbs, mobile, start-up, design, consultancy",100000.0,"[{'zip_code': '34435', 'city': 'Istanbul', 'country_code': 'TUR', 'latitude': None, 'longitude': None}]",34435,Istanbul,TUR,,
131,JinkoSolar Holding,cleantech,"solar-products, monocrystalline-furnaces, silicon",35000000.0,"[{'zip_code': '', 'city': 'Jiangxi Province', 'country_code': 'CHN', 'latitude': None, 'longitude': None}, {'zip_code': '', 'city': 'Shanghai', 'country_code': 'CHN', 'latitude': None, 'longitude': None}]",,Shanghai,CHN,,
132,Alfabetic,advertising,"techcrunch50, tc50, translation, ad-network, machine-translation, syndication, blogs",,"[{'zip_code': '99803', 'city': 'Kibutz Tsorah', 'country_code': 'ISR', 'latitude': None, 'longitude': None}]",99803,Kibutz Tsorah,ISR,,
133,Alfabetic,advertising,"techcrunch50, tc50, translation, ad-network, machine-translation, syndication, blogs",,"[{'zip_code': '99803', 'city': 'Kibutz Tsorah', 'country_code': 'ISR', 'latitude': None, 'longitude': None}]",99803,Kibutz Tsorah,ISR,,
134,bgC3,other,"innovation, bill-gates, science, technology",,"[{'zip_code': '', 'city': 'Kirkland', 'country_code': 'USA', 'latitude': 47.6793, 'longitude': -122.176034}]",,Kirkland,USA,47.6793,-122.176034
135,Tingz,software,"techcrunch50, tc50, consumer, software, widgets",280000.0,"[{'zip_code': '37902', 'city': 'Knoxville', 'country_code': 'USA', 'latitude': 35.963029, 'longitude': -83.918392}]",37902,Knoxville,USA,35.963029,-83.918392
136,Tingz,software,"techcrunch50, tc50, consumer, software, widgets",280000.0,"[{'zip_code': '37902', 'city': 'Knoxville', 'country_code': 'USA', 'latitude': 35.963029, 'longitude': -83.918392}]",37902,Knoxville,USA,35.963029,-83.918392
137,iTOK,,,,"[{'zip_code': '84043', 'city': 'Lehi', 'country_code': 'USA', 'latitude': None, 'longitude': None}]",84043,Lehi,USA,,
138,Bubbles and Beyond,biotech,,2400000.0,"[{'zip_code': '04229', 'city': 'Leipzig', 'country_code': 'DEU', 'latitude': 51.3296737, 'longitude': 12.3274318}]",04229,Leipzig,DEU,51.3296737,12.3274318
139,Footnote,web,"techcrunch50, tc50, genealogy, family-history, historical-records, family, relatives, ancestry, history",10000000.0,"[{'zip_code': '84042', 'city': 'Lindon', 'country_code': 'USA', 'latitude': 40.3310529, 'longitude': -111.7276347}]",84042,Lindon,USA,40.3310529,-111.7276347
140,FAROO,search,"techcrunch40, search, p2p-search, peer-to-peer, real-time, realtime, searchengine, crowdsourcing, distributed-search, social-search, social-discovery",,"[{'zip_code': 'EC1N 8SS', 'city': 'London', 'country_code': 'GBR', 'latitude': 51.5195795, 'longitude': -0.1065551}]",EC1N 8SS,London,GBR,51.5195795,-0.1065551
141,Techlightenment,web,"facebook, facebookapps",,"[{'zip_code': None, 'city': 'London', 'country_code': 'GBR', 'latitude': 51.500152, 'longitude': -0.126236}]",,London,GBR,51.500152,-0.126236
142,Pikum,games_video,"gaming, social-networks, first-round-capital, web-2.0, gambling, betting, sports, pop-culture, competition",5920000.0,"[{'zip_code': 'Nw1 8lh', 'city': 'London', 'country_code': 'GBR', 'latitude': 51.539778, 'longitude': -0.152998}]",Nw1 8lh,London,GBR,51.539778,-0.152998
143,Vigster,games_video,"gaming, social-network, community, video-gaming, portal",50000.0,"[{'zip_code': '', 'city': 'London', 'country_code': 'GBR', 'latitude': 51.500152, 'longitude': -0.126236}]",,London,GBR,51.500152,-0.126236
144,Yammer,enterprise,"techcrunch50, tc50, enterprise2-0, web2-0, social-enterprise, enterprise, social, social-networking, twitter",142000000.0,"[{'zip_code': '94103', 'city': 'San Francisco', 'country_code': 'USA', 'latitude': 37.776246, 'longitude': -122.4179223}, {'zip_code': '', 'city': 'London', 'country_code': 'GBR', 'latitude': None, 'longitude': None}]",,London,GBR,,
145,Yammer,enterprise,"techcrunch50, tc50, enterprise2-0, web2-0, social-enterprise, enterprise, social, social-networking, twitter",142000000.0,"[{'zip_code': '94103', 'city': 'San Francisco', 'country_code': 'USA', 'latitude': 37.776246, 'longitude': -122.4179223}, {'zip_code': '', 'city': 'London', 'country_code': 'GBR', 'latitude': None, 'longitude': None}]",,London,GBR,,
146,Neutron Creations,consulting,"web-app, development, intranet, cms, ecommerce, mis, business-intelligence, rails",,"[{'zip_code': 'W1W 7QW', 'city': 'London', 'country_code': 'GBR', 'latitude': 51.519772, 'longitude': -0.1597092}]",W1W 7QW,London,GBR,51.519772,-0.1597092
147,World on a Hanger,software,"fashion, saas, web-applications, web-apps, enterprise-software, collaborative-applications, supply-chain-software",,"[{'zip_code': 'SE11 4DJ', 'city': 'London', 'country_code': 'GBR', 'latitude': None, 'longitude': None}]",SE11 4DJ,London,GBR,,
148,ipadio,messaging,"audio, phonecast, social-networking, social-media, broadcast, phlog, blog",1600000.0,"[{'zip_code': 'EC1R 3EA', 'city': 'London', 'country_code': 'GBR', 'latitude': 51.8205815, 'longitude': 0.0118608}]",EC1R 3EA,London,GBR,51.8205815,0.0118608
149,Causecast,enterprise,"techcrunch50, tc50, enterprise, employee-engagement, workplace-giving, disaster-response, volunteering, donating, charity, philanthropy",,"[{'zip_code': '90034', 'city': 'Los Angeles', 'country_code': 'USA', 'latitude': 34.018349, 'longitude': -118.486889}]",90034,Los Angeles,USA,34.018349,-118.486889
150,Quant the News,web,"techcrunch50, tc50, finance, subscription-services",150000.0,"[{'zip_code': '90067', 'city': 'Los Angeles', 'country_code': 'USA', 'latitude': 34.054259, 'longitude': -118.414064}]",90067,Los Angeles,USA,34.054259,-118.414064
151,Quant the News,web,"techcrunch50, tc50, finance, subscription-services",150000.0,"[{'zip_code': '90067', 'city': 'Los Angeles', 'country_code': 'USA', 'latitude': 34.054259, 'longitude': -118.414064}]",90067,Los Angeles,USA,34.054259,-118.414064
152,TechForward,hardware,,7760000.0,"[{'zip_code': '90045', 'city': 'Los Angeles', 'country_code': 'USA', 'latitude': 34.146503, 'longitude': -118.613385}]",90045,Los Angeles,USA,34.146503,-118.613385
153,AECOM Technology,consulting,,,"[{'zip_code': '90071-2300', 'city': 'Los Angeles', 'country_code': 'USA', 'latitude': 34.0507962, 'longitude': -118.2568615}]",90071-2300,Los Angeles,USA,34.0507962,-118.2568615
154,Yerbabuena Software,software,"technology, software, data, document-capture",,"[{'zip_code': '29590', 'city': 'Madrid', 'country_code': 'ESP', 'latitude': None, 'longitude': None}]",29590,Madrid,ESP,,
155,Yerbabuena Software,software,"technology, software, data, document-capture",,"[{'zip_code': '29590', 'city': 'Madrid', 'country_code': 'ESP', 'latitude': None, 'longitude': None}]",29590,Madrid,ESP,,
156,TechMeridian,web,"cms, casual-authoring, content-management, cas",,"[{'zip_code': '59741', 'city': 'Manhattan', 'country_code': 'USA', 'latitude': 45.855992, 'longitude': -111.333458}]",59741,Manhattan,USA,45.855992,-111.333458
157,38 Studios,games_video,"gaming, video, video-games, intellectual-property, entertainment, massachusetts, curt-schilling, multi-player-gaming, 38-studios",,"[{'zip_code': '01754', 'city': 'Maynard', 'country_code': 'USA', 'latitude': 42.431652, 'longitude': -71.455658}]",01754,Maynard,USA,42.431652,-71.455658
158,Trace Systems,consulting,,,"[{'zip_code': '22102', 'city': 'McLean', 'country_code': 'USA', 'latitude': 38.9255186, 'longitude': -77.2276473}]",22102,McLean,USA,38.9255186,-77.2276473
159,Birdpost,web,"techcrunch50, tc50",350000.0,"[{'zip_code': '94025', 'city': 'Menlo Park', 'country_code': 'USA', 'latitude': 37.452011, 'longitude': -122.182824}]",94025,Menlo Park,USA,37.452011,-122.182824
160,Birdpost,web,"techcrunch50, tc50",350000.0,"[{'zip_code': '94025', 'city': 'Menlo Park', 'country_code': 'USA', 'latitude': 37.452011, 'longitude': -122.182824}]",94025,Menlo Park,USA,37.452011,-122.182824
161,Akoha,games_video,"techcrunch50, tc50",1900000.0,"[{'zip_code': 'H2W 1Y5', 'city': 'Montreal', 'country_code': 'CAN', 'latitude': 45.516545, 'longitude': -73.578477}]",H2W 1Y5,Montreal,CAN,45.516545,-73.578477
162,Technology Evaluation Centers,enterprise,"software-selection, software-evaluation, decision-support-system, analyst, analysis, research, enterprise-software, dss, erp, scm, crm, bi, open-source",,"[{'zip_code': 'H3C 1L5', 'city': 'Montreal', 'country_code': 'CAN', 'latitude': 45.499215, 'longitude': -73.559631}]",H3C 1L5,Montreal,CAN,45.499215,-73.559631
163,1C Company,software,"gaming, video-games",200000000.0,"[{'zip_code': '123056', 'city': 'Moscow', 'country_code': 'RUS', 'latitude': None, 'longitude': None}]",123056,Moscow,RUS,,
164,FairSoftware,web,"techcrunch50, tc50, web-2-0, biz-2-0, virtual-corporation, sharing, community, crowdsourcing, collaboration",100000.0,"[{'zip_code': '94041', 'city': 'Mountain View', 'country_code': 'USA', 'latitude': 37.386773, 'longitude': -122.075222}]",94041,Mountain View,USA,37.386773,-122.075222
165,FairSoftware,web,"techcrunch50, tc50, web-2-0, biz-2-0, virtual-corporation, sharing, community, crowdsourcing, collaboration",100000.0,"[{'zip_code': '94041', 'city': 'Mountain View', 'country_code': 'USA', 'latitude': 37.386773, 'longitude': -122.075222}]",94041,Mountain View,USA,37.386773,-122.075222
166,Nilesh Roy Consultancy,consulting,"technology-consulting, web-consulting, messaging-solutions, project-management-consulting, prince2, pmp, nileshroy, nilesh",,"[{'zip_code': '400042', 'city': 'Mumbai', 'country_code': 'IND', 'latitude': None, 'longitude': None}]",400042,Mumbai,IND,,
167,CyberSynchs,mobile,technology-mobile,,"[{'zip_code': '10001', 'city': 'NYC', 'country_code': 'USA', 'latitude': 40.745534, 'longitude': -73.990033}]",10001,NYC,USA,40.745534,-73.990033
168,Asurion,other,"insurance, devices, device-replacement, demo-09, demobeat, mobile",,"[{'zip_code': '37211', 'city': 'Nashville', 'country_code': 'USA', 'latitude': 39.004994, 'longitude': -94.602672}]",37211,Nashville,USA,39.004994,-94.602672
169,Indiagames,games_video,"gaming, video-games, games-on-demand, god, ipl-t20fever, mobile-games, multiplayer",,"[{'zip_code': '400705', 'city': 'Navi-Mumbai', 'country_code': 'IND', 'latitude': None, 'longitude': None}]",400705,Navi-Mumbai,IND,,
170,Wetpaint,web,"wiki, seattle, elowitz, media-industry, media-platform, social-distribution-system",39800000.0,"[{'zip_code': '98104', 'city': 'Seattle', 'country_code': 'USA', 'latitude': 47.603122, 'longitude': -122.333253}, {'zip_code': '10012', 'city': 'New York', 'country_code': 'USA', 'latitude': 40.7237306, 'longitude': -73.9964312}]",10012,New York,USA,40.7237306,-73.9964312
171,Gamers Media,web,,,"[{'zip_code': '', 'city': 'New York', 'country_code': 'USA', 'latitude': 40.757929, 'longitude': -73.985506}]",,New York,USA,40.757929,-73.985506
172,Wired Magazine,mobile,"technology, magazine, internet, web, business, print",,"[{'zip_code': 'NY 10036', 'city': 'New York', 'country_code': 'USA', 'latitude': None, 'longitude': None}]",NY 10036,New York,USA,,
173,NeoHire,consulting,"tech-recruiting, startups, web-development",,"[{'zip_code': '90404', 'city': 'Santa Monica', 'country_code': 'USA', 'latitude': 34.016171, 'longitude': -118.4893368}, {'zip_code': '10013', 'city': 'New York', 'country_code': 'USA', 'latitude': None, 'longitude': None}]",10013,New York,USA,,
174,Large Animal Games,games_video,gaming-facebook-pc-download-free-pay-to-play,,"[{'zip_code': '10001', 'city': 'New York', 'country_code': 'USA', 'latitude': None, 'longitude': None}]",10001,New York,USA,,
175,TechnoSpin,cleantech,,8000000.0,"[{'zip_code': '10001', 'city': 'New York', 'country_code': 'USA', 'latitude': None, 'longitude': None}]",10001,New York,USA,,
176,Ramp Up Tech,consulting,"technology-consulting, web, site, design, development, application, database-design, network-analysis, support, email-systems-implementation, ecommerce, integration, services, thin-client-services, remote-management, remote-access, email, compliance, arch",,"[{'zip_code': '10001', 'city': 'New York', 'country_code': 'USA', 'latitude': 40.746514, 'longitude': -73.993035}]",10001,New York,USA,40.746514,-73.993035
177,Rigel Networks,software,"web-development, technology-consulting, microsoft-developers, saas-enabled-applications, offshore-development, software-services, php-development, application-maintenance",,"[{'zip_code': '92660', 'city': 'Newport Beach', 'country_code': 'USA', 'latitude': 33.660955, 'longitude': -117.867679}]",92660,Newport Beach,USA,33.660955,-117.867679
178,Key Information Systems,enterprise,,,"[{'zip_code': '91367', 'city': 'Woodland Hills', 'country_code': 'USA', 'latitude': 34.178755, 'longitude': -118.602027}, {'zip_code': '94965', 'city': 'Sausalito', 'country_code': 'USA', 'latitude': 37.870314, 'longitude': -122.502986}, {'zip_code': '85012', 'city': 'Phoenix', 'country_code': 'USA', 'latitude': 33.481975, 'longitude': -112.074447}, {'zip_code': '92660', 'city': 'Newport Beach', 'country_code': 'USA', 'latitude': 33.670861, 'longitude': -117.864886}]",92660,Newport Beach,USA,33.670861,-117.864886
179,TechTarget,enterprise,,,"[{'zip_code': '02466', 'city': 'Newton', 'country_code': 'USA', 'latitude': 37.09024, 'longitude': -95.712891}]",02466,Newton,USA,37.09024,-95.712891
180,Techsmith,software,,,"[{'zip_code': '48864', 'city': 'Okemos', 'country_code': 'USA', 'latitude': 42.6813254, 'longitude': -84.4388222}]",48864,Okemos,USA,42.6813254,-84.4388222
181,youserbase,network_hosting,"germany, oldenburg, wiki",,"[{'zip_code': '26122', 'city': 'Oldenburg', 'country_code': 'DEU', 'latitude': 53.14967, 'longitude': 8.200653}]",26122,Oldenburg,DEU,53.14967,8.200653
182,Closet Couture,ecommerce,"techcrunch50, tc50, fashion, social-network, style, forum, luxury, shopping",475000.0,"[{'zip_code': '90272', 'city': 'Pacific Palisades', 'country_code': 'USA', 'latitude': 34.078345, 'longitude': -118.5475}]",90272,Pacific Palisades,USA,34.078345,-118.5475
183,Closet Couture,ecommerce,"techcrunch50, tc50, fashion, social-network, style, forum, luxury, shopping",475000.0,"[{'zip_code': '90272', 'city': 'Pacific Palisades', 'country_code': 'USA', 'latitude': 34.078345, 'longitude': -118.5475}]",90272,Pacific Palisades,USA,34.078345,-118.5475
184,Filtrbox,web,"techstars, techstars-boulder-2007, content-filtering, media-monitoring, news-tracker, google-alerts",1920000.0,"[{'zip_code': '94301', 'city': 'Palo Alto', 'country_code': 'USA', 'latitude': 40.010492, 'longitude': -105.276843}]",94301,Palo Alto,USA,40.010492,-105.276843
185,Mytopia,games_video,"techcrunch50, tc50, gaming, social-networks",3500000.0,"[{'zip_code': '94301', 'city': 'Palo Alto', 'country_code': 'USA', 'latitude': 34.007967, 'longitude': -118.489681}]",94301,Palo Alto,USA,34.007967,-118.489681
186,Mobclix,mobile,"techcrunch50, tc50, iphone, analytics, free-developer-tools, apple, xcode, interface-designer, shark, instruments, os-x, android, gps, free-real-time-analytics, apple-developer, cocoa, objective-c, 3g, att, edge, free-applications, seedcamp-2008, seedcamp",,"[{'zip_code': '94301', 'city': 'Palo Alto', 'country_code': 'USA', 'latitude': 37.448598, 'longitude': -122.158497}]",94301,Palo Alto,USA,37.448598,-122.158497
187,Bojam,games_video,"techcrunch50, tc50, music, online-music-collaboration, open-source, wiki, contribute, media, audio-recording, mixing",,"[{'zip_code': '94301', 'city': 'Palo Alto', 'country_code': 'USA', 'latitude': 37.448598, 'longitude': -122.158497}]",94301,Palo Alto,USA,37.448598,-122.158497
188,Angstro,software,"techcrunch50, tc50",225000.0,"[{'zip_code': '94301', 'city': 'Palo Alto', 'country_code': 'USA', 'latitude': 37.444393, 'longitude': -122.163139}]",94301,Palo Alto,USA,37.444393,-122.163139
189,Mobclix,mobile,"techcrunch50, tc50, iphone, analytics, free-developer-tools, apple, xcode, interface-designer, shark, instruments, os-x, android, gps, free-real-time-analytics, apple-developer, cocoa, objective-c, 3g, att, edge, free-applications, seedcamp-2008, seedcamp",,"[{'zip_code': '94301', 'city': 'Palo Alto', 'country_code': 'USA', 'latitude': 37.448598, 'longitude': -122.158497}]",94301,Palo Alto,USA,37.448598,-122.158497
190,Bojam,games_video,"techcrunch50, tc50, music, online-music-collaboration, open-source, wiki, contribute, media, audio-recording, mixing",,"[{'zip_code': '94301', 'city': 'Palo Alto', 'country_code': 'USA', 'latitude': 37.448598, 'longitude': -122.158497}]",94301,Palo Alto,USA,37.448598,-122.158497
191,Angstro,software,"techcrunch50, tc50",225000.0,"[{'zip_code': '94301', 'city': 'Palo Alto', 'country_code': 'USA', 'latitude': 37.444393, 'longitude': -122.163139}]",94301,Palo Alto,USA,37.444393,-122.163139
192,techVenture,software,"recruiting, startup, staffing, consulting",,"[{'zip_code': '94301', 'city': 'Palo Alto', 'country_code': 'USA', 'latitude': 37.449346, 'longitude': -122.161211}]",94301,Palo Alto,USA,37.449346,-122.161211
193,Playdom,games_video,,76000000.0,"[{'zip_code': '94306', 'city': 'Palo Alto', 'country_code': 'USA', 'latitude': 37.393536, 'longitude': -122.076747}, {'zip_code': '92075', 'city': 'Solana Beach', 'country_code': 'USA', 'latitude': None, 'longitude': None}]",92075,Solana Beach,USA,,
194,BTS411,other,"technology, bootstrapping, startups, internet-companies",,"[{'zip_code': '90274', 'city': 'Palos Verdes', 'country_code': 'USA', 'latitude': 33.7954354, 'longitude': -118.3978335}]",90274,Palos Verdes,USA,33.7954354,-118.3978335
195,WatZatSong,web,gaming,,"[{'zip_code': '75011', 'city': 'Paris', 'country_code': 'FRA', 'latitude': 48.866323, 'longitude': 2.381514}]",75011,Paris,FRA,48.866323,2.381514
196,Techrigy,web,"social-media-measurement, social-media-monitoring",,"[{'zip_code': '14526', 'city': 'Pittsford', 'country_code': 'USA', 'latitude': 43.0594, 'longitude': -77.467129}]",14526,Pittsford,USA,43.0594,-77.467129
197,Visible Pixel,web,"web-development, strategy, consulting",,"[{'zip_code': '94523', 'city': 'Pleasant Hill', 'country_code': 'USA', 'latitude': 37.9715275, 'longitude': -122.0686077}]",94523,Pleasant Hill,USA,37.9715275,-122.0686077
198,Visible Pixel,web,"web-development, strategy, consulting",,"[{'zip_code': '94523', 'city': 'Pleasant Hill', 'country_code': 'USA', 'latitude': 37.9715275, 'longitude': -122.0686077}]",94523,Pleasant Hill,USA,37.9715275,-122.0686077
199,TechTracker,enterprise,,,"[{'zip_code': '97204', 'city': 'Portland', 'country_code': 'USA', 'latitude': None, 'longitude': None}]",97204,Portland,USA,,
200,Intera,software,"platform, on-demand, ondemand, crm, project-management, web, paas, customizable",,"[{'zip_code': '2250', 'city': 'Ptuj', 'country_code': 'SVN', 'latitude': 46.419467, 'longitude': 15.875225}]",2250,Ptuj,SVN,46.419467,15.875225
201,Intera,software,"platform, on-demand, ondemand, crm, project-management, web, paas, customizable",,"[{'zip_code': '2250', 'city': 'Ptuj', 'country_code': 'SVN', 'latitude': 46.419467, 'longitude': 15.875225}]",2250,Ptuj,SVN,46.419467,15.875225
202,Tech Mahindra,consulting,,,"[{'zip_code': '411004', 'city': 'Pune, Maharashtra', 'country_code': 'IND', 'latitude': None, 'longitude': None}]",411004,"Pune, Maharashtra",IND,,
203,Atlantic BT,web,"web-development, web-design, internet-marketing, web-programming, web-hosting",,"[{'zip_code': '27613', 'city': 'Raleigh', 'country_code': 'USA', 'latitude': 35.8969064, 'longitude': -78.6806784}]",27613,Raleigh,USA,35.8969064,-78.6806784
204,Presidium Learning,software,"education, education-software",9500000.0,"[{'zip_code': '20190', 'city': 'Reston', 'country_code': 'USA', 'latitude': 38.947942, 'longitude': -77.331536}]",20190,Reston,USA,38.947942,-77.331536
205,Ockham Research,web,"technology, media, finance, stocks, investment",,"[{'zip_code': '30075', 'city': 'Roswell', 'country_code': 'USA', 'latitude': 34.030223, 'longitude': -84.361865}]",30075,Roswell,USA,34.030223,-84.361865
206,Webpulser,consulting,"ruby-on-rails, ecommerce",,"[{'zip_code': '59100', 'city': 'Roubaix', 'country_code': 'FRA', 'latitude': 50.6871429, 'longitude': 3.1802864}]",59100,Roubaix,FRA,50.6871429,3.1802864
207,Me-trics,public_relations,"techcrunch50, tc50, data, health, finance, personal, tracking, productivity",,"[{'zip_code': '48067', 'city': 'Royal Oak', 'country_code': 'USA', 'latitude': 42.484985, 'longitude': -83.128937}]",48067,Royal Oak,USA,42.484985,-83.128937
208,Me-trics,public_relations,"techcrunch50, tc50, data, health, finance, personal, tracking, productivity",,"[{'zip_code': '48067', 'city': 'Royal Oak', 'country_code': 'USA', 'latitude': 42.484985, 'longitude': -83.128937}]",48067,Royal Oak,USA,42.484985,-83.128937
209,Pixel Vivant,software,"ruby-on-rails, ror, mysql, php, cakephp, webdevelopment, web-development, internet",,"[{'zip_code': '35400', 'city': 'Saint-Malo', 'country_code': 'FRA', 'latitude': 48.6276289, 'longitude': -1.9856858}]",35400,Saint-Malo,FRA,48.6276289,-1.9856858
210,Red Door Interactive,,,,"[{'zip_code': '92101', 'city': 'San Diego', 'country_code': 'USA', 'latitude': None, 'longitude': None}]",92101,San Diego,USA,,
211,Technorati,advertising,"blogs, search",32100000.0,"[{'zip_code': '94108', 'city': 'San Francisco', 'country_code': 'USA', 'latitude': 37.779558, 'longitude': -122.393041}]",94108,San Francisco,USA,37.779558,-122.393041
212,Techmeme,web,"techmeme, aggregator, news, technology, tech",,"[{'zip_code': '94107', 'city': 'San Francisco', 'country_code': 'USA', 'latitude': 37.7618242, 'longitude': -122.3985871}]",94107,San Francisco,USA,37.7618242,-122.3985871
213,Grockit,social,"techcrunch50, tc50, learning, grockit, gmat, mmol, mmo, children, education, testprep, testing, gaming",44700000.0,"[{'zip_code': '94107', 'city': 'San Francisco', 'country_code': 'USA', 'latitude': 37.775196, 'longitude': -122.419204}]",94107,San Francisco,USA,37.775196,-122.419204
214,Kongregate,games_video,,19000000.0,"[{'zip_code': '94105', 'city': 'San Francisco', 'country_code': 'USA', 'latitude': 37.786942, 'longitude': -122.401245}]",94105,San Francisco,USA,37.786942,-122.401245
215,TechCrunch,news,"blog, blognetwork",,"[{'zip_code': '94107-1537', 'city': 'San Francisco', 'country_code': 'USA', 'latitude': 37.4459832, 'longitude': -122.1490582}]",94107-1537,San Francisco,USA,37.4459832,-122.1490582
216,Rupture,games_video,"wow, worldofwarcraft, socialnetwork, napster, snocap",3000000.0,"[{'zip_code': '94107', 'city': 'San Francisco', 'country_code': 'USA', 'latitude': 37.783898, 'longitude': -122.395234}]",94107,San Francisco,USA,37.783898,-122.395234
217,Minor Studios,software,"techcrunch50, tc50",,"[{'zip_code': '94105', 'city': 'San Francisco', 'country_code': 'USA', 'latitude': 37.789268, 'longitude': -122.395184}]",94105,San Francisco,USA,37.789268,-122.395184
218,TechInsights,advertising,,,"[{'zip_code': '94107', 'city': 'San Francisco', 'country_code': 'USA', 'latitude': None, 'longitude': None}]",94107,San Francisco,USA,,
219,InfoWorld Media Group,consulting,,,"[{'zip_code': '94107', 'city': 'San Francisco', 'country_code': 'USA', 'latitude': None, 'longitude': None}]",94107,San Francisco,USA,,
220,ngmoco,games_video,"gaming, iphone-games, mobile-games, mobile, iphone",44800000.0,"[{'zip_code': '94107', 'city': 'San Francisco', 'country_code': 'USA', 'latitude': 37.7705096, 'longitude': -122.4015807}]",94107,San Francisco,USA,37.7705096,-122.4015807
221,Shattered Reality Interactive,games_video,"techcrunch50, tc50, games, mmo, social, online, casual-games",1100000.0,"[{'zip_code': '94107', 'city': 'San Francisco', 'country_code': 'USA', 'latitude': 37.783046, 'longitude': -122.394067}]",94107,San Francisco,USA,37.783046,-122.394067
222,Fitbit,health,"techcrunch50, tc50, health, hardware, fitness, calories, weight-loss, dieting, fatsecret",68100000.0,"[{'zip_code': '94105-1503', 'city': 'San Francisco', 'country_code': 'USA', 'latitude': None, 'longitude': None}]",94105-1503,San Francisco,USA,,
223,plaYce,games_video,"techcrunch50, tc50, gaming, virtual-world, mirror-world, 3d, geo",,"[{'zip_code': '94123', 'city': 'San Francisco', 'country_code': 'USA', 'latitude': 37.80204, 'longitude': -122.438231}]",94123,San Francisco,USA,37.80204,-122.438231
224,Postbox,software,"techcrunch50, tc50, email, communications, software",,"[{'zip_code': '94107', 'city': 'San Francisco', 'country_code': 'USA', 'latitude': 37.758737, 'longitude': -122.388336}]",94107,San Francisco,USA,37.758737,-122.388336
225,AdRocket,advertising,"techcrunch50, tc50, email, ad-network, targeting, behavioral, relevance, rss, bt, optimization, cpc, cost-per-click",1000000.0,"[{'zip_code': '', 'city': 'San Francisco', 'country_code': 'USA', 'latitude': 37.775196, 'longitude': -122.419204}]",,San Francisco,USA,37.775196,-122.419204
226,GoodGuide,web,"techcrunch50, tc50, health, environment, social-responsibility, consumers, ratings, web, iphone",14200000.0,"[{'zip_code': '94111', 'city': 'San Francisco', 'country_code': 'USA', 'latitude': 37.7983181, 'longitude': -122.4000032}]",94111,San Francisco,USA,37.7983181,-122.4000032
227,Shattered Reality Interactive,games_video,"techcrunch50, tc50, games, mmo, social, online, casual-games",1100000.0,"[{'zip_code': '94107', 'city': 'San Francisco', 'country_code': 'USA', 'latitude': 37.783046, 'longitude': -122.394067}]",94107,San Francisco,USA,37.783046,-122.394067
228,Fitbit,health,"techcrunch50, tc50, health, hardware, fitness, calories, weight-loss, dieting, fatsecret",68100000.0,"[{'zip_code': '94105-1503', 'city': 'San Francisco', 'country_code': 'USA', 'latitude': None, 'longitude': None}]",94105-1503,San Francisco,USA,,
229,plaYce,games_video,"techcrunch50, tc50, gaming, virtual-world, mirror-world, 3d, geo",,"[{'zip_code': '94123', 'city': 'San Francisco', 'country_code': 'USA', 'latitude': 37.80204, 'longitude': -122.438231}]",94123,San Francisco,USA,37.80204,-122.438231
230,Postbox,software,"techcrunch50, tc50, email, communications, software",,"[{'zip_code': '94107', 'city': 'San Francisco', 'country_code': 'USA', 'latitude': 37.758737, 'longitude': -122.388336}]",94107,San Francisco,USA,37.758737,-122.388336
231,AdRocket,advertising,"techcrunch50, tc50, email, ad-network, targeting, behavioral, relevance, rss, bt, optimization, cpc, cost-per-click",1000000.0,"[{'zip_code': '', 'city': 'San Francisco', 'country_code': 'USA', 'latitude': 37.775196, 'longitude': -122.419204}]",,San Francisco,USA,37.775196,-122.419204
232,GoodGuide,web,"techcrunch50, tc50, health, environment, social-responsibility, consumers, ratings, web, iphone",14200000.0,"[{'zip_code': '94111', 'city': 'San Francisco', 'country_code': 'USA', 'latitude': 37.7983181, 'longitude': -122.4000032}]",94111,San Francisco,USA,37.7983181,-122.4000032
233,StartupAgents,web,"startup, jobs, tech-jobs, startup-jobs",,"[{'zip_code': '94103', 'city': 'San Francisco', 'country_code': 'USA', 'latitude': 37.775196, 'longitude': -122.419204}]",94103,San Francisco,USA,37.775196,-122.419204
234,TechWeb,other,,,"[{'zip_code': '94107', 'city': 'San Francisco', 'country_code': 'USA', 'latitude': 37.784132, 'longitude': -122.395913}]",94107,San Francisco,USA,37.784132,-122.395913
235,TechSoup Global,other,,,"[{'zip_code': '94107', 'city': 'San Francisco', 'country_code': 'USA', 'latitude': None, 'longitude': None}]",94107,San Francisco,USA,,
236,CogniSign,software,,,"[{'zip_code': '94131-1775', 'city': 'San Francisco', 'country_code': 'USA', 'latitude': None, 'longitude': None}]",94131-1775,San Francisco,USA,,
237,Canopy Financial,finance,,89500000.0,"[{'zip_code': '94105', 'city': 'San Francisco', 'country_code': 'USA', 'latitude': 37.791388, 'longitude': -122.392148}]",94105,San Francisco,USA,37.791388,-122.392148
238,TechFilipino,consulting,"techfilipino, news, web2-0, domain-names, domaining, domain, website, reviews, website-reviews",,"[{'zip_code': '1500', 'city': 'San Juan', 'country_code': 'PHL', 'latitude': None, 'longitude': None}]",1500,San Juan,PHL,,
239,Fixya,web,"fixya, crowdsourcing, diy, repair, customer-service",8000000.0,"[{'zip_code': '94401', 'city': 'San Mateo', 'country_code': 'USA', 'latitude': 37.566879, 'longitude': -122.323895}]",94401,San Mateo,USA,37.566879,-122.323895
240,VideoSurf,hardware,"techcrunch50, tc50",28000000.0,"[{'zip_code': '94402', 'city': 'San Mateo', 'country_code': 'USA', 'latitude': 37.561877, 'longitude': -122.325248}]",94402,San Mateo,USA,37.561877,-122.325248
241,VideoSurf,hardware,"techcrunch50, tc50",28000000.0,"[{'zip_code': '94402', 'city': 'San Mateo', 'country_code': 'USA', 'latitude': 37.561877, 'longitude': -122.325248}]",94402,San Mateo,USA,37.561877,-122.325248
242,Image Metrics,software,"technology, gaming, social-media, mobile, games, animation",21300000.0,"[{'zip_code': '90405', 'city': 'Santa Monica', 'country_code': 'USA', 'latitude': 34.007303, 'longitude': -118.489492}]",90405,Santa Monica,USA,34.007303,-118.489492
243,Adgregate Markets,ecommerce,"techcrunch50, tc50, widget, online-advertising, transaction",,"[{'zip_code': '94965', 'city': 'Sausalito', 'country_code': 'USA', 'latitude': 37.864435, 'longitude': -122.490586}]",94965,Sausalito,USA,37.864435,-122.490586
244,Adgregate Markets,ecommerce,"techcrunch50, tc50, widget, online-advertising, transaction",,"[{'zip_code': '94965', 'city': 'Sausalito', 'country_code': 'USA', 'latitude': 37.864435, 'longitude': -122.490586}]",94965,Sausalito,USA,37.864435,-122.490586
245,nobosh,web,"business-community, news-on-technology, current-business-news, money-news-news, technology, business, nobosh, ba-hellman, aggregator, algorithms, community",,"[{'zip_code': '85251', 'city': 'Scottsdale', 'country_code': 'USA', 'latitude': 33.503906, 'longitude': -111.93315}]",85251,Scottsdale,USA,33.503906,-111.93315
246,Swype,software,"techcrunch50, tc50, text-input-technology, screen-keyboard, soft-screen-keyboard, softscreen-keyboard, screen-input, multi-touch, multitap, predictive-text-input, next-generation-input",13900000.0,"[{'zip_code': '98104', 'city': 'Seattle', 'country_code': 'USA', 'latitude': 47.6495905, 'longitude': -122.3497956}]",98104,Seattle,USA,47.6495905,-122.3497956
247,Swype,software,"techcrunch50, tc50, text-input-technology, screen-keyboard, soft-screen-keyboard, softscreen-keyboard, screen-input, multi-touch, multitap, predictive-text-input, next-generation-input",13900000.0,"[{'zip_code': '98104', 'city': 'Seattle', 'country_code': 'USA', 'latitude': 47.6495905, 'longitude': -122.3497956}]",98104,Seattle,USA,47.6495905,-122.3497956
248,Abengoa,cleantech,"technology, energy, renewable-sources",,"[{'zip_code': '41014', 'city': 'Seville', 'country_code': 'ESP', 'latitude': None, 'longitude': None}]",41014,Seville,ESP,,
249,UltiZen,games_video,"gaming, on-line-games",15500000.0,"[{'zip_code': '200333', 'city': 'Shanghai', 'country_code': 'CHN', 'latitude': None, 'longitude': None}]",200333,Shanghai,CHN,,
250,UltiZen,games_video,"gaming, on-line-games",15500000.0,"[{'zip_code': '200333', 'city': 'Shanghai', 'country_code': 'CHN', 'latitude': None, 'longitude': None}]",200333,Shanghai,CHN,,
251,GazoPa,games_video,"techcrunch50, tc50, search, image-search, video-search, visual-search, search-engine",,"[{'zip_code': '140-8572', 'city': 'Shinagawa-ku, Tokyo', 'country_code': 'JPN', 'latitude': None, 'longitude': None}]",140-8572,"Shinagawa-ku, Tokyo",JPN,,
252,GazoPa,games_video,"techcrunch50, tc50, search, image-search, video-search, visual-search, search-engine",,"[{'zip_code': '140-8572', 'city': 'Shinagawa-ku, Tokyo', 'country_code': 'JPN', 'latitude': None, 'longitude': None}]",140-8572,"Shinagawa-ku, Tokyo",JPN,,
253,Technologies and Devices International,semiconductor,,,"[{'zip_code': '20904', 'city': 'Silver Spring', 'country_code': 'USA', 'latitude': 39.0533715, 'longitude': -76.9581171}]",20904,Silver Spring,USA,39.0533715,-76.9581171
254,GamerTrainer,other,,,"[{'zip_code': '44139', 'city': 'Solon', 'country_code': 'USA', 'latitude': 41.383063, 'longitude': -81.4498717}]",44139,Solon,USA,41.383063,-81.4498717
255,GamerTrainer,other,,,"[{'zip_code': '44139', 'city': 'Solon', 'country_code': 'USA', 'latitude': 41.383063, 'longitude': -81.4498717}]",44139,Solon,USA,41.383063,-81.4498717
256,Onvaio,enterprise,,,"[{'zip_code': '48033', 'city': 'Southfield', 'country_code': 'USA', 'latitude': 42.4855819, 'longitude': -83.3173452}]",48033,Southfield,USA,42.4855819,-83.3173452
257,TechTeam Global,enterprise,,,"[{'zip_code': '48033', 'city': 'Southfield', 'country_code': 'USA', 'latitude': 42.4855819, 'longitude': -83.3173452}]",48033,Southfield,USA,42.4855819,-83.3173452
258,FileFront,web,,,"[{'zip_code': '77388', 'city': 'Spring', 'country_code': 'USA', 'latitude': None, 'longitude': None}]",77388,Spring,USA,,
259,FireID,finance,"mobile, security, software, tokens, two-factor-authentication, otp, one-time-passwords, mobile-authentication, mobile-token, soft-token, oath, siliconcape",6400000.0,"[{'zip_code': '7600', 'city': 'Stellenbosch', 'country_code': 'ZAF', 'latitude': None, 'longitude': None}]",7600,Stellenbosch,ZAF,,
260,iCharts,analytics,"techcrunch50, tc50, web-services, saas, charts, data-visualization, infographics",3100000.0,"[{'zip_code': '94085', 'city': 'Sunnyvale', 'country_code': 'USA', 'latitude': 37.384239, 'longitude': -122.012475}]",94085,Sunnyvale,USA,37.384239,-122.012475
261,Mashed Life,web,"technology, web, 2-0, free, password, manage--accounts",,"[{'zip_code': '94085', 'city': 'Sunnyvale', 'country_code': 'USA', 'latitude': 37.386441, 'longitude': -122.012707}]",94085,Sunnyvale,USA,37.386441,-122.012707
262,iCharts,analytics,"techcrunch50, tc50, web-services, saas, charts, data-visualization, infographics",3100000.0,"[{'zip_code': '94085', 'city': 'Sunnyvale', 'country_code': 'USA', 'latitude': 37.384239, 'longitude': -122.012475}]",94085,Sunnyvale,USA,37.384239,-122.012475
263,Mashed Life,web,"technology, web, 2-0, free, password, manage--accounts",,"[{'zip_code': '94085', 'city': 'Sunnyvale', 'country_code': 'USA', 'latitude': 37.386441, 'longitude': -122.012707}]",94085,Sunnyvale,USA,37.386441,-122.012707
264,TechAnts,software,"software, web-portal-development, software-development",,"[{'zip_code': '2000', 'city': 'Sydney', 'country_code': 'AUS', 'latitude': -33.867139, 'longitude': 151.207114}]",2000,Sydney,AUS,-33.867139,151.207114
265,Nagi,software,"nagi, fotoalbum, toru, estonia, photo, video, community",100000.0,"[{'zip_code': '10621', 'city': 'Tallinn', 'country_code': 'EST', 'latitude': None, 'longitude': None}]",10621,Tallinn,EST,,
266,Tonchidot,mobile,"techcrunch50, tc50, iphone, mobile, ar, augmented-reality, virtual-reality, cgm, ugc, apple, sekaicamera, tokyo, japan",16000000.0,"[{'zip_code': '160-0022', 'city': 'Tokyo', 'country_code': 'JPN', 'latitude': None, 'longitude': None}]",160-0022,Tokyo,JPN,,
267,Tonchidot,mobile,"techcrunch50, tc50, iphone, mobile, ar, augmented-reality, virtual-reality, cgm, ugc, apple, sekaicamera, tokyo, japan",16000000.0,"[{'zip_code': '160-0022', 'city': 'Tokyo', 'country_code': 'JPN', 'latitude': None, 'longitude': None}]",160-0022,Tokyo,JPN,,
268,GamerNook,web,"social-network, network, game, gamer",,"[{'zip_code': '08753', 'city': 'Toms River', 'country_code': 'USA', 'latitude': 39.949301, 'longitude': -74.125176}]",08753,Toms River,USA,39.949301,-74.125176
269,DotSpots,public_relations,"techcrunch50, tc50, wisdom-of-crowds, semantic-search, memetics, read-write-web",300000.0,"[{'zip_code': '90501', 'city': 'Torrance', 'country_code': 'USA', 'latitude': 33.831671, 'longitude': -118.315766}]",90501,Torrance,USA,33.831671,-118.315766
270,Modo Marketing,consulting,"technology, pr, public-relations, marketing, communications, emerging, business-development",,"[{'zip_code': '46119', 'city': 'Valencia', 'country_code': 'ESP', 'latitude': 39.64073, 'longitude': -0.421944}]",46119,Valencia,ESP,39.64073,-0.421944
271,Techvibes Media,,,,"[{'zip_code': 'V6B 1C6', 'city': 'Vancouver', 'country_code': 'CAN', 'latitude': 49.2753325, 'longitude': -123.1208932}]",V6B 1C6,Vancouver,CAN,49.2753325,-123.1208932
272,PERSONALRIA,web,"techcrunch50, tc50",,"[{'zip_code': '98682', 'city': 'Vancouver', 'country_code': 'USA', 'latitude': 45.6667514, 'longitude': -122.4721542}]",98682,Vancouver,USA,45.6667514,-122.4721542
273,PERSONALRIA,web,"techcrunch50, tc50",,"[{'zip_code': '98682', 'city': 'Vancouver', 'country_code': 'USA', 'latitude': 45.6667514, 'longitude': -122.4721542}]",98682,Vancouver,USA,45.6667514,-122.4721542
274,Marvel Internet Group,advertising,,,"[{'zip_code': '4227', 'city': 'Varsity Lakes', 'country_code': 'AUS', 'latitude': -28.0856271, 'longitude': 153.4002354}]",4227,Varsity Lakes,AUS,-28.0856271,153.4002354
275,Advanced Mobile Solutions,mobile,"mobile, mobile-marketing, mobile-advertising, mobile-classifieds",,"[{'zip_code': '19087', 'city': 'Wayne', 'country_code': 'USA', 'latitude': 40.0666735, 'longitude': -75.410538}]",19087,Wayne,USA,40.0666735,-75.410538
276,Machinima,games_video,"gaming, video-games, game-teasers, video",49600000.0,"[{'zip_code': '90069', 'city': 'West Hollywood', 'country_code': 'USA', 'latitude': 34.0906409, 'longitude': -118.3740745}]",90069,West Hollywood,USA,34.0906409,-118.3740745
277,RustyBrick,mobile,,,"[{'zip_code': '10994', 'city': 'West Nyack', 'country_code': 'USA', 'latitude': 41.119452, 'longitude': -74.115851}]",10994,West Nyack,USA,41.119452,-74.115851
278,ke Solutions,ecommerce,,,"[{'zip_code': '33327', 'city': 'Weston', 'country_code': 'USA', 'latitude': 26.1379914, 'longitude': -80.4176542}]",33327,Weston,USA,26.1379914,-80.4176542
279,SkyWorld,software,,,"[{'zip_code': '01801', 'city': 'Woburn', 'country_code': 'USA', 'latitude': None, 'longitude': None}]",01801,Woburn,USA,,
280,Pacecode Technologies,consulting,"website-development-in-india, website-design-in-india, india-freelancers, hire-indian-freelancers, joomla-web-developer, joomla-developer---joomla-website-development, joomla-developer, joomla-designer, joomla-development",,"[{'zip_code': '600020', 'city': 'chennai', 'country_code': 'IND', 'latitude': None, 'longitude': None}]",600020,chennai,IND,,
281,MakeMyLink,advertising,"technology, web-design, seo, software-blog, guide",,"[{'zip_code': '110075', 'city': 'new delhi', 'country_code': 'IND', 'latitude': None, 'longitude': None}]",110075,new delhi,IND,,
282,Tech Support 4 NYC,consulting,"computer-consulting, tech-support, new-york-city",,"[{'zip_code': '10018', 'city': 'new york', 'country_code': 'USA', 'latitude': 40.754142, 'longitude': -73.9883596}]",10018,new york,USA,40.754142,-73.9883596
283,GoPlanit,web,"techcrunch50, tc50, travel, trip-planner, mobile, 1-click-planner, calendar, recommendation-engine, travel-microblogging, plan, plans, plan-it, plan-your-trip-and-go, mobile-trip-planning, travel-microblog",500000.0,"[{'zip_code': '94111', 'city': 'san francisco', 'country_code': 'USA', 'latitude': 37.791576, 'longitude': -122.399363}]",94111,san francisco,USA,37.791576,-122.399363
284,GoPlanit,web,"techcrunch50, tc50, travel, trip-planner, mobile, 1-click-planner, calendar, recommendation-engine, travel-microblogging, plan, plans, plan-it, plan-your-trip-and-go, mobile-trip-planning, travel-microblog",500000.0,"[{'zip_code': '94111', 'city': 'san francisco', 'country_code': 'USA', 'latitude': 37.791576, 'longitude': -122.399363}]",94111,san francisco,USA,37.791576,-122.399363
